delete from quanlycyber.phong;
delete from quanlycyber.cau_hinh;
delete from quanlycyber.may_tinh;
delete from quanlycyber.dich_vu;
delete from quanlycyber.taikhoan;

insert into quanlycyber.phong values 
('101', '1', 'quạt'),
('102', '1', 'điều hòa'),
('201', '2', 'quạt'),
('202', '2', 'điều hòa'),
('301', '3', 'quạt, no smoking'),
('302', '3', 'điều hòa, no smoking'),
('401', '4', 'điều hòa, no smoking'),
('402', '4', 'điều hòa, no smoking'),
('501', '5', 'điều hòa, ghế đôi'),
('502', '5', 'chưa sử dụng');

insert into quanlycyber.dich_vu values
('dv_001', 'Mì ', 'Mì xào trứng', '15000.000'),	
('dv_002', 'Mì ', 'Mì xào trứng xúc xích ', '20000.000'),	
('dv_003', 'Mì ', 'Mì xào bò ', '20000.000'),	
('dv_004', 'Mì ', 'Mì bò', '20000.000'),
('dv_005', 'Mì ', 'Mì tôm trứng', '15000.000'),	
('dv_006', 'Cơm', 'Cơm đùi gà', '27000.000'),
('dv_007', 'Cơm', 'Cơm sườn cốt lết', '27000.000'),
('dv_008', 'Cơm', 'Cơm xào chua ngọt ', '30000.000'),
('dv_009', 'Cơm', 'Cơm thịt heo', '25000.000'),
('dv_010', 'Cơm rang', 'Cơm rang dưa bò', '32000.000'),
('dv_011', 'Cơm rang', 'Cơm rang thập cẩm', '30000.000'),
('dv_012', 'Cơm rang', 'Cơm rang đặc biệt', '40000.000'),
('dv_013', 'Đồ uống', 'Sting đỏ, vàng', '8000.000'),		
('dv_014', 'Đồ uống', 'Ice +', '10000.000'),
('dv_015', 'Đồ uống', 'Red Bull', '12000.000'),
('dv_016', 'Đồ uống', 'Coca', '10000.000'),
('dv_017', 'Đồ uống', 'Pepsi', '10000.000'),
('dv_018', 'Đồ uống', 'Mountain Dew', '10000.000'),
('dv_019', 'Đồ uống', 'Monster Energy', '27000.000'),
('dv_020', 'Đồ uống', 'Revive', '10000.000'),
('dv_021', 'Thuốc', 'Vina', '22000.000'),
('dv_022', 'Thuốc', 'Vina (lẻ điếu)', '2000.000'),
('dv_023', 'Thuốc', 'Thanglong', '10000.000');

insert into quanlycyber.cau_hinh values
('art-work-01', 'intel core i7-8700K', '16', 'gtx 1080 8gb', '24', '10000.000'),
('art-work-02', 'intel core i9-9900K', '32', 'rtx 2060 6gb', '32', '15000.000'),
('gaming-01', 'intel g5400', '8', 'gtx 1050ti 4gb', '20', '5000.000'),
('gaming-02', 'intel core i3-9100F', '8', 'gtx 1060 6gb', '21', '6000.000'),
('gaming-03', 'intel core i5-9400F', '8', 'gtx 1660 6gb', '21', '6500.000'),
('gaming-04', 'intel core i5-9400F', '16', 'gtx 1070ti 6gb', '23', '7000.000'),
('ps4', NULL, NULL, NULL, '40', '20000.000');

insert into quanlycyber.may_tinh values
('1', 'gaming-01', '101'),
('2', 'gaming-01', '101'),
('3', 'gaming-01', '101'),
('4', 'gaming-01', '101'),
('5', 'gaming-01', '101'),
('6', 'gaming-01', '102'),
('7', 'gaming-01', '102'),
('8', 'gaming-01', '102'),
('9', 'gaming-01', '102'),
('10', 'gaming-01', '102'),
('11', 'gaming-02', '201'),
('12', 'gaming-02', '201'),
('13', 'gaming-02', '201'),
('14', 'gaming-02', '201'),
('15', 'gaming-02', '201'),
('16', 'gaming-02', '202'),
('17', 'gaming-02', '202'),
('18', 'gaming-02', '202'),
('19', 'gaming-02', '202'),
('20', 'gaming-02', '202'),
('21', 'gaming-03', '301'),
('22', 'gaming-03', '301'),
('23', 'gaming-03', '301'),
('24', 'gaming-03', '301'),
('25', 'gaming-03', '301'),
('26', 'gaming-04', '302'),
('27', 'gaming-04', '302'),
('28', 'gaming-04', '302'),
('29', 'gaming-04', '302'),
('30', 'gaming-04', '302'),
('31', 'art-work-01', '401'),
('32', 'art-work-01', '401'),
('33', 'art-work-01', '401'),
('34', 'art-work-01', '401'),
('35', 'art-work-01', '401'),
('36', 'art-work-02', '402'),
('37', 'art-work-02', '402'),
('38', 'art-work-02', '402'),
('39', 'art-work-02', '402'),
('40', 'art-work-02', '402'),
('41', 'ps4', '501'),
('42', 'ps4', '501'),
('43', 'ps4', '501'),
('44', 'ps4', '501'),
('45', 'ps4', '501'),
('46', 'ps4', '501'),
('47', 'ps4', '501'),
('48', 'ps4', '501'),
('49', 'ps4', '501'),
('50', 'ps4', '501'),
('51', 'ps4', '501'),
('52', 'ps4', '501'),
('53', 'ps4', '501');

insert into quanlycyber.taikhoan (ten_nguoi_dung,so_tien,thoi_gian_con,trang_thai,so_may,id_dichvu,time_stamp)values 
('minhvuong69', '915719.555', '152:37:12', 'active', '15', NULL, '2019-12-15 18:05:22'),
('thanh123', '9890.000', '00:00:00', 'not active', NULL, NULL, '2019-12-12 16:44:11'),
( 'duchuy99', '1.108', '00:00:01', 'active', '1', NULL, '2019-12-15 18:04:34'),
( 'vanthanh79', '48337.490', '04:50:01', 'active', '33', NULL, '2019-12-17 23:31:14'),
( 'huyviet11', '7003.245', '00:21:01', 'active', '44', 'dv_023', '2019-12-15 18:07:16'),
( 'huyaltium', '28003.320', '04:40:02', 'active', '17', NULL, '2019-12-15 18:05:22'),
('minhhung96', '467238.555', '152:37:12', 'active', '32', NULL, '2019-12-16 16:05:22'),
('thanhtung97', '3245.000', '00:05:00', 'not active', NULL, NULL, '2019-12-09 18:48:12'),
( 'conghieu3', '4.154', '01:00:01', 'active', '12', NULL, '2019-12-14 16:34:29'),
( 'quanghai19', '23546.780', '02:56:01', 'not active', NULL, NULL, '2019-12-16 22:31:35'),
( 'vanlam1', '2345.876', '03:39:41', 'active', '42', 'dv_023', '2019-12-13 19:25:16'),
( 'hungdung11', '32452.560', '02:34:22', 'not active', NULL , NULL, '2019-12-15 17:23:24');
		
